[
{
    "model": "sessions.session",
    "pk": "3vujy3kczdbep26f1o05ma5gak994im2",
    "fields": {
        "session_data": ".eJxVjEEOgjAQRe_StWk6haHg0r1naKYzU4saSCisjHdXEha6_e-9_zKRtrXEreoSRzFng-b0uyXih047kDtNt9nyPK3LmOyu2INWe51Fn5fD_TsoVMu39qFVkNaFjghEqAmeHDhEaAbwnSIxSpOzAsOQeofC6LNAwp4DK5v3B9U2OBg:1uqv9Z:NZq9-xYW7UTDkIujk_dSrJhOS3ZoEoOuQlxjty3IxBk",
        "expire_date": "2025-09-09T15:00:05.272Z"
    }
},
{
    "model": "sessions.session",
    "pk": "crp9mql6iiwg4cr8k5izs4aynve8w7yp",
    "fields": {
        "session_data": ".eJxVjEEOgjAQRe_StWk6haHg0r1naKYzU4saSCisjHdXEha6_e-9_zKRtrXEreoSRzFng-b0uyXih047kDtNt9nyPK3LmOyu2INWe51Fn5fD_TsoVMu39qFVkNaFjghEqAmeHDhEaAbwnSIxSpOzAsOQeofC6LNAwp4DK5v3B9U2OBg:1v3TCK:PC7iti-O6-eV0laoN0VxTRoL9yWjTbXRQk3zI9tBiPI",
        "expire_date": "2025-10-14T05:46:48.261Z"
    }
},
{
    "model": "sessions.session",
    "pk": "ssi1z99hzqa5653av6e28ve09f6easc1",
    "fields": {
        "session_data": ".eJxVjEEOgjAQRe_StWk6haHg0r1naKYzU4saSCisjHdXEha6_e-9_zKRtrXEreoSRzFng-b0uyXih047kDtNt9nyPK3LmOyu2INWe51Fn5fD_TsoVMu39qFVkNaFjghEqAmeHDhEaAbwnSIxSpOzAsOQeofC6LNAwp4DK5v3B9U2OBg:1ute9e:3Jr9VafTLBho1zCmKmH2rXLnjiBKaw-8D5h9BfW5mYs",
        "expire_date": "2025-09-17T03:27:26.364Z"
    }
},
{
    "model": "sessions.session",
    "pk": "u02y8ggkuaouf9r3vu6bwnadw3d9tlf9",
    "fields": {
        "session_data": ".eJxVjEEOgjAQRe_StWk6haHg0r1naKYzU4saSCisjHdXEha6_e-9_zKRtrXEreoSRzFng-b0uyXih047kDtNt9nyPK3LmOyu2INWe51Fn5fD_TsoVMu39qFVkNaFjghEqAmeHDhEaAbwnSIxSpOzAsOQeofC6LNAwp4DK5v3B9U2OBg:1v4AeE:0ggJ_cUwYkc46k8EgUvmmbSYNR-CU5wIsmbnuWM2iCA",
        "expire_date": "2025-10-16T04:10:30.975Z"
    }
},
{
    "model": "sessions.session",
    "pk": "xoy3mqihs3ansoyf1eb1g0nu2y1lvlz2",
    "fields": {
        "session_data": ".eJxVjEEOgjAQRe_StWk6haHg0r1naKYzU4saSCisjHdXEha6_e-9_zKRtrXEreoSRzFng-b0uyXih047kDtNt9nyPK3LmOyu2INWe51Fn5fD_TsoVMu39qFVkNaFjghEqAmeHDhEaAbwnSIxSpOzAsOQeofC6LNAwp4DK5v3B9U2OBg:1uu99C:K9TvYY14KtObCSt92QfmRG8j4BD77iEnzJ1IWy9DWvo",
        "expire_date": "2025-09-18T12:33:02.756Z"
    }
},
{
    "model": "authentication.user",
    "fields": {
        "password": "pbkdf2_sha256$1000000$SQOr432TWjWflsdxeRw4Ur$faCmWqiaurU2vwDor3k0IzIyxNDFowyAyoNkMpqWHuU=",
        "last_login": null,
        "is_superuser": false,
        "email": "atebamax@gmail.com",
        "username": "Ateba Max",
        "role": "client",
        "specialty": null,
        "address": "Street 5.751, Etoudi, Yaoundé",
        "cni_number": null,
        "availability": true,
        "rating": "0.00",
        "is_active": true,
        "is_staff": false,
        "is_suspended": false,
        "date_joined": "2025-08-26T08:00:06.755Z",
        "profile_picture": "profiles/man8.jpg",
        "groups": [],
        "user_permissions": []
    }
},
{
    "model": "authentication.user",
    "fields": {
        "password": "pbkdf2_sha256$1000000$5KmtJa9Vp8xDzk9aWrL4Pu$NjmThOOYGqpmi1Pfvy5/cwjCIwa9g+3xvsJPUQczBAw=",
        "last_login": "2025-09-20T02:42:21.131Z",
        "is_superuser": true,
        "email": "driane@gmail.com",
        "username": "driane",
        "role": "admin",
        "specialty": null,
        "address": null,
        "cni_number": null,
        "availability": true,
        "rating": "0.00",
        "is_active": true,
        "is_staff": true,
        "is_suspended": false,
        "date_joined": "2025-08-26T08:05:33.723Z",
        "profile_picture": "",
        "groups": [],
        "user_permissions": []
    }
},
{
    "model": "authentication.user",
    "fields": {
        "password": "pbkdf2_sha256$1000000$zKMxjeAEEh9vmCm5RcCLJ9$mWWmJz4nPTBfZPlkNHy/IIThicgdf8H1Bhld+m6k3aE=",
        "last_login": null,
        "is_superuser": false,
        "email": "tatiezeu@gmail.com",
        "username": "Tatiezeu",
        "role": "technician",
        "specialty": "Electrician",
        "address": "Rue Obobogo 8563",
        "cni_number": "500009808",
        "availability": true,
        "rating": "0.00",
        "is_active": true,
        "is_staff": false,
        "is_suspended": false,
        "date_joined": "2025-08-27T15:35:38.193Z",
        "profile_picture": "profiles/man14.jpg",
        "groups": [],
        "user_permissions": []
    }
},
{
    "model": "authentication.user",
    "fields": {
        "password": "pbkdf2_sha256$1000000$PxtRrHEhvXR3OYKzzhpb6v$LaF+PtYT+SvhNYjVykbRgws5Ob5CDY3Xw9z11qKGLlQ=",
        "last_login": null,
        "is_superuser": false,
        "email": "vero@gmail.com",
        "username": "Veronique",
        "role": "delivery",
        "specialty": null,
        "address": "Awae-Escalier, Yaoundé",
        "cni_number": "CNI0321832",
        "availability": true,
        "rating": "0.00",
        "is_active": true,
        "is_staff": false,
        "is_suspended": false,
        "date_joined": "2025-08-27T16:22:23.645Z",
        "profile_picture": "profiles/pexels-picsani-albani-sanchez-179323372-11173760.jpg",
        "groups": [],
        "user_permissions": []
    }
},
{
    "model": "authentication.user",
    "fields": {
        "password": "pbkdf2_sha256$1000000$6NinyQlMzaEdMQtIw8iPI3$KS565k8YE7Dlg8SL6pjfW60ijaPem5jlin8cOkUv25Q=",
        "last_login": null,
        "is_superuser": false,
        "email": "john@gmail.com",
        "username": "John Mason",
        "role": "technician",
        "specialty": "mason",
        "address": "Elig-Essono, Yaoundé",
        "cni_number": "CNI84942013",
        "availability": true,
        "rating": "4.50",
        "is_active": true,
        "is_staff": false,
        "is_suspended": false,
        "date_joined": "2025-09-05T04:27:25.661Z",
        "profile_picture": "profiles/man1.jpg",
        "groups": [],
        "user_permissions": []
    }
},
{
    "model": "authentication.user",
    "fields": {
        "password": "pbkdf2_sha256$1000000$waQ2XLvDvAGMyI2THuTYD4$7hs9TnQxBozuNlKnbZkYvAGPcjxzjxQHgSaUnMFtxLg=",
        "last_login": null,
        "is_superuser": false,
        "email": "peter@gmail.com",
        "username": "Peter Stone",
        "role": "technician",
        "specialty": "mason",
        "address": "Awae-Escalier, Yaoundé",
        "cni_number": "CNI0321831",
        "availability": false,
        "rating": "4.20",
        "is_active": true,
        "is_staff": false,
        "is_suspended": false,
        "date_joined": "2025-09-05T04:32:40.276Z",
        "profile_picture": "profiles/people-lifestyle.jpg",
        "groups": [],
        "user_permissions": []
    }
},
{
    "model": "authentication.user",
    "fields": {
        "password": "pbkdf2_sha256$1000000$9pQ4LtGx49qXTB434ZvMcA$Z9TWWqUzhW8p7MKayIG1azLBZGgyrrJdF/FK4GMgrro=",
        "last_login": null,
        "is_superuser": false,
        "email": "samuel@gmail.com",
        "username": "Samuel Brick",
        "role": "technician",
        "specialty": "mason",
        "address": "Mbankolo,Yaoundé",
        "cni_number": "CNI2343Y82",
        "availability": true,
        "rating": "4.80",
        "is_active": true,
        "is_staff": false,
        "is_suspended": false,
        "date_joined": "2025-09-05T04:36:50.746Z",
        "profile_picture": "profiles/man3_MCBLcjz.jpg",
        "groups": [],
        "user_permissions": []
    }
},
{
    "model": "authentication.user",
    "fields": {
        "password": "pbkdf2_sha256$1000000$QKYAxUejB85Qf29edkHQy1$1WW6ugaz7mpajguaAx13WdDNgQmYPt0KJhWbVU+XLxw=",
        "last_login": null,
        "is_superuser": false,
        "email": "mike@gmail.com",
        "username": "Mike Builder",
        "role": "technician",
        "specialty": "mason",
        "address": "Anguissa, Yaoundé",
        "cni_number": "CNI37921983",
        "availability": true,
        "rating": "4.00",
        "is_active": true,
        "is_staff": false,
        "is_suspended": false,
        "date_joined": "2025-09-05T04:39:40.203Z",
        "profile_picture": "profiles/man4_jyTcqT6.jpg",
        "groups": [],
        "user_permissions": []
    }
},
{
    "model": "authentication.user",
    "fields": {
        "password": "pbkdf2_sha256$1000000$yYLzvs2aRlsnBO3qiXeXQQ$kO9lh/VljIGyFKv2PcyNAj5BLHmpo5Pwnr9aG5zsfRc=",
        "last_login": null,
        "is_superuser": false,
        "email": "alex@gmail.com",
        "username": "Alex Spark",
        "role": "technician",
        "specialty": "Electrician",
        "address": "Quartier Fouda, Yaoundé",
        "cni_number": "CNI43798230",
        "availability": true,
        "rating": "4.60",
        "is_active": true,
        "is_staff": false,
        "is_suspended": false,
        "date_joined": "2025-09-05T04:44:45.885Z",
        "profile_picture": "profiles/man5_StRhAHi.jpg",
        "groups": [],
        "user_permissions": []
    }
},
{
    "model": "authentication.user",
    "fields": {
        "password": "pbkdf2_sha256$1000000$Qzfb2OFLpTekpbdfmvheiO$12tFOEUUettPjFKREUlQHCVB6YNfzGtE13/fXigSYeU=",
        "last_login": null,
        "is_superuser": false,
        "email": "eddy@gmail.com",
        "username": "Eddy Wire",
        "role": "technician",
        "specialty": "Electrician",
        "address": "Obili, Yaoundé",
        "cni_number": "CNI84302847",
        "availability": true,
        "rating": "0.00",
        "is_active": true,
        "is_staff": false,
        "is_suspended": false,
        "date_joined": "2025-09-05T04:47:00.948Z",
        "profile_picture": "profiles/man16.jpeg",
        "groups": [],
        "user_permissions": []
    }
},
{
    "model": "authentication.user",
    "fields": {
        "password": "pbkdf2_sha256$1000000$cPfhBTavMNruBJKtNvRwCY$BdPRbs9sk7SlEmsf6NTNTUPDHMZPyELh0rFsYjarhHg=",
        "last_login": null,
        "is_superuser": false,
        "email": "bright@gmail.com",
        "username": "Bright Current",
        "role": "technician",
        "specialty": "Electrician",
        "address": "Messassi, Yaoundé",
        "cni_number": "CNI2843084",
        "availability": true,
        "rating": "4.90",
        "is_active": true,
        "is_staff": false,
        "is_suspended": false,
        "date_joined": "2025-09-05T04:48:57.550Z",
        "profile_picture": "profiles/man7.jpg",
        "groups": [],
        "user_permissions": []
    }
},
{
    "model": "authentication.user",
    "fields": {
        "password": "pbkdf2_sha256$1000000$Yx9c7aRCTkE63Alzh45teq$dPJuN0TPvasWRojr5+Zp2fREgLoAeXIXrLN26fpqw4A=",
        "last_login": null,
        "is_superuser": false,
        "email": "chris@gmail.com",
        "username": "Chris Volt",
        "role": "technician",
        "specialty": "Electrician",
        "address": "Mokolo, Yaoundé",
        "cni_number": "CNI02380",
        "availability": true,
        "rating": "4.10",
        "is_active": true,
        "is_staff": false,
        "is_suspended": false,
        "date_joined": "2025-09-05T04:54:35.589Z",
        "profile_picture": "profiles/man17.jpg",
        "groups": [],
        "user_permissions": []
    }
},
{
    "model": "authentication.user",
    "fields": {
        "password": "pbkdf2_sha256$1000000$ykr3FBpjUFlVvWUXAUOLQ4$xJbCgInpctzAjOVIJko7m0u/nrDOZ1jqHaJrEOhwdpY=",
        "last_login": null,
        "is_superuser": false,
        "email": "paul@gmail.com",
        "username": "Paul Pipe",
        "role": "technician",
        "specialty": "Plumber",
        "address": "Nlongkak, Yaoundé",
        "cni_number": "CNI38020813",
        "availability": true,
        "rating": "3.40",
        "is_active": true,
        "is_staff": false,
        "is_suspended": false,
        "date_joined": "2025-09-05T04:56:58.215Z",
        "profile_picture": "profiles/man10.jpeg",
        "groups": [],
        "user_permissions": []
    }
},
{
    "model": "authentication.user",
    "fields": {
        "password": "pbkdf2_sha256$1000000$8vd8YSZtZ6pwjgYVkc3Q3r$x2Ou+r+j/uOyBioxVb0QqQWf80vQ3JPrrWbHAaiwBD4=",
        "last_login": null,
        "is_superuser": false,
        "email": "daniel@gmail.com",
        "username": "Daniel Leak",
        "role": "technician",
        "specialty": "Plumber",
        "address": "Bastos, Yaoundé",
        "cni_number": "CNI82301802",
        "availability": false,
        "rating": "4.20",
        "is_active": true,
        "is_staff": false,
        "is_suspended": false,
        "date_joined": "2025-09-05T04:59:06.631Z",
        "profile_picture": "profiles/man11.jpg",
        "groups": [],
        "user_permissions": []
    }
},
{
    "model": "authentication.user",
    "fields": {
        "password": "pbkdf2_sha256$1000000$H1aAIjlBsp0pDDD8wxPyJh$5L2wlUE1aSIJ3gQEygqIGHlVhadCETRhA248pahdGTo=",
        "last_login": null,
        "is_superuser": false,
        "email": "simon@gmail.com",
        "username": "Simon Flow",
        "role": "technician",
        "specialty": "Plumber",
        "address": "Odza, Yaoundé",
        "cni_number": "CNI3829731",
        "availability": true,
        "rating": "4.70",
        "is_active": true,
        "is_staff": false,
        "is_suspended": false,
        "date_joined": "2025-09-05T05:01:01.029Z",
        "profile_picture": "profiles/man12.jpg",
        "groups": [],
        "user_permissions": []
    }
},
{
    "model": "authentication.user",
    "fields": {
        "password": "pbkdf2_sha256$1000000$83sDWfr92Ce9ST1wXc6GNO$jWK8o7rwCGgdK9N8lG+CNc/eePJQRE2zMh4k79cuoaA=",
        "last_login": null,
        "is_superuser": false,
        "email": "henry@gmail.com",
        "username": "Henry Drain",
        "role": "technician",
        "specialty": "Electrician",
        "address": "Awae-Escalier, Yaoundé",
        "cni_number": "CNI2739237",
        "availability": true,
        "rating": "4.00",
        "is_active": true,
        "is_staff": false,
        "is_suspended": false,
        "date_joined": "2025-09-05T05:02:12.431Z",
        "profile_picture": "profiles/man13.avif",
        "groups": [],
        "user_permissions": []
    }
},
{
    "model": "authentication.user",
    "fields": {
        "password": "pbkdf2_sha256$1000000$AwF7NLAqpSpz5bLRJPtJnE$6MFaKFOIUIObdEJ2UcLJyZWrwaRLmaSpP0RyJS6yEtU=",
        "last_login": null,
        "is_superuser": false,
        "email": "carl@gmail.com",
        "username": "Carl Wood",
        "role": "technician",
        "specialty": "Carpenter",
        "address": "Monatélé",
        "cni_number": "CNI45557645",
        "availability": true,
        "rating": "4.50",
        "is_active": true,
        "is_staff": false,
        "is_suspended": false,
        "date_joined": "2025-09-05T05:07:18.993Z",
        "profile_picture": "profiles/man8_NM6sGNA.jpg",
        "groups": [],
        "user_permissions": []
    }
},
{
    "model": "authentication.user",
    "fields": {
        "password": "pbkdf2_sha256$1000000$qoI4662GWrJ3XWSzgsgvyk$Btr7Ib7IQfouvzfGNsuQlr1AcBuokHZ3DWjejPA8uuo=",
        "last_login": null,
        "is_superuser": false,
        "email": "jacob@gmail.com",
        "username": "Jacob Nail",
        "role": "technician",
        "specialty": "Carpenter",
        "address": "Damas, Yaoundé",
        "cni_number": "CNI7438427",
        "availability": true,
        "rating": "4.30",
        "is_active": true,
        "is_staff": false,
        "is_suspended": false,
        "date_joined": "2025-09-05T05:08:58.066Z",
        "profile_picture": "profiles/man9_uB1fDrO.jpg",
        "groups": [],
        "user_permissions": []
    }
},
{
    "model": "authentication.user",
    "fields": {
        "password": "pbkdf2_sha256$1000000$HWC5GfbRCmWYzNE6AIdywr$ShDwHuuAp7HO4ceMOmEuZF8Iuy443Wx1wEluGz/ByM8=",
        "last_login": null,
        "is_superuser": false,
        "email": "victor@gmail.com",
        "username": "Victor Saw",
        "role": "technician",
        "specialty": "Carpenter",
        "address": "Nkoabang, Yaoundé",
        "cni_number": "CNI3928311",
        "availability": true,
        "rating": "4.80",
        "is_active": true,
        "is_staff": false,
        "is_suspended": false,
        "date_joined": "2025-09-05T05:12:44.124Z",
        "profile_picture": "profiles/man14_fcLRFgU.jpg",
        "groups": [],
        "user_permissions": []
    }
},
{
    "model": "authentication.user",
    "fields": {
        "password": "pbkdf2_sha256$1000000$VbfMEGidKynFlPQwn0PbPM$PhAlmxKMr3M7FBVkXTWAQA+C1JAHbHnBLDO+Lm/ijV0=",
        "last_login": null,
        "is_superuser": false,
        "email": "oscar@gmail.com",
        "username": "Oscar Join",
        "role": "technician",
        "specialty": "Carpenter",
        "address": "Melen, Yaoundé",
        "cni_number": "CNI39823934",
        "availability": true,
        "rating": "4.10",
        "is_active": true,
        "is_staff": false,
        "is_suspended": false,
        "date_joined": "2025-09-06T03:19:14.524Z",
        "profile_picture": "profiles/man15.jpg",
        "groups": [],
        "user_permissions": []
    }
},
{
    "model": "authentication.user",
    "fields": {
        "password": "pbkdf2_sha256$1000000$DXNGE0oYXFg3RatEBxgOa1$TIeetR2mo4ME3ukPJTfldSsq359SSmAkCdpqR1zMoJc=",
        "last_login": null,
        "is_superuser": false,
        "email": "samson@gmail.com",
        "username": "Samson",
        "role": "delivery",
        "specialty": null,
        "address": null,
        "cni_number": null,
        "availability": true,
        "rating": "0.00",
        "is_active": true,
        "is_staff": false,
        "is_suspended": false,
        "date_joined": "2025-09-23T13:18:27.295Z",
        "profile_picture": "",
        "groups": [],
        "user_permissions": []
    }
},
{
    "model": "authentication.user",
    "fields": {
        "password": "pbkdf2_sha256$1000000$og4aN8uq1XYBrjTn7eIA2X$87OXLKvfRxoFjTGcqTFKV5ZhLkpHfzPhfQB7T2hCwHI=",
        "last_login": null,
        "is_superuser": false,
        "email": "asena@gmail.com",
        "username": "Martin Asena",
        "role": "client",
        "specialty": null,
        "address": "Street 1.755, Bastos, Yaoundé",
        "cni_number": null,
        "availability": true,
        "rating": "0.00",
        "is_active": true,
        "is_staff": false,
        "is_suspended": false,
        "date_joined": "2025-09-30T03:47:42.529Z",
        "profile_picture": "",
        "groups": [],
        "user_permissions": []
    }
},
{
    "model": "authentication.user",
    "fields": {
        "password": "pbkdf2_sha256$1000000$SIaUtr2Rg60tXFoBYpN6NA$2RQ6ImxlOhQUc//OGMk3Op8tJ3tDhScskAJa/i4z5KM=",
        "last_login": null,
        "is_superuser": false,
        "email": "ewube@gmail.com",
        "username": "Ewube Nesline",
        "role": "technician",
        "specialty": "Plumber",
        "address": "Awae-Escalier, Yaoundé",
        "cni_number": "CNI34348203",
        "availability": true,
        "rating": "0.00",
        "is_active": true,
        "is_staff": false,
        "is_suspended": false,
        "date_joined": "2025-10-02T05:06:26.795Z",
        "profile_picture": "",
        "groups": [],
        "user_permissions": []
    }
},
{
    "model": "shop.product",
    "pk": 1,
    "fields": {
        "name": "Steel",
        "price": "1000.00",
        "image": "products/images/steel.png",
        "three_d_path": "",
        "mtl_file": "",
        "category": "Materials",
        "rating": 4.5,
        "likes": 120,
        "description": "High quality steel for robust construction",
        "in_stock": true,
        "discount": 10,
        "stock": 5,
        "created_at": "2025-08-29T15:33:30.450Z",
        "updated_at": "2025-08-29T15:33:30.450Z"
    }
},
{
    "model": "shop.product",
    "pk": 2,
    "fields": {
        "name": "Screwdriver",
        "price": "2500.00",
        "image": "products/images/screwdriver.png",
        "three_d_path": "",
        "mtl_file": "",
        "category": "Tools",
        "rating": 4.0,
        "likes": 85,
        "description": "Ergonomic screwdriver for various tasks",
        "in_stock": true,
        "discount": 0,
        "stock": 15,
        "created_at": "2025-08-29T15:35:02.928Z",
        "updated_at": "2025-08-29T15:35:02.929Z"
    }
},
{
    "model": "shop.product",
    "pk": 3,
    "fields": {
        "name": "Screw",
        "price": "1000.00",
        "image": "products/images/screw.png",
        "three_d_path": "",
        "mtl_file": "",
        "category": "Hardware",
        "rating": 4.2,
        "likes": 200,
        "description": "Durable screws for strong fastenings",
        "in_stock": true,
        "discount": 35,
        "stock": 50,
        "created_at": "2025-08-29T15:36:22.106Z",
        "updated_at": "2025-08-29T15:36:22.106Z"
    }
},
{
    "model": "shop.product",
    "pk": 4,
    "fields": {
        "name": "Saw",
        "price": "1000.00",
        "image": "products/images/sow.png",
        "three_d_path": "products/3d/10295_Hand_saw_v1_Iterations-2.obj",
        "mtl_file": "products/mtl/10295_Hand_saw_v1_Iterations-2.mtl",
        "category": "Tools",
        "rating": 4.7,
        "likes": 150,
        "description": "Precision Hand saw for clean cuts",
        "in_stock": false,
        "discount": 0,
        "stock": 0,
        "created_at": "2025-08-29T15:38:42.904Z",
        "updated_at": "2025-08-29T15:38:42.904Z"
    }
},
{
    "model": "shop.product",
    "pk": 5,
    "fields": {
        "name": "Drilling machine",
        "price": "25000.00",
        "image": "products/images/drilling.png",
        "three_d_path": "products/3d/Bosch_PSR1800_LI-2_SF.obj",
        "mtl_file": "products/mtl/Bosch_PSR1800_LI-2_SF.mtl",
        "category": "Tools",
        "rating": 4.9,
        "likes": 300,
        "description": "Powerful drilling machine for heavy duty works",
        "in_stock": true,
        "discount": 15,
        "stock": 25,
        "created_at": "2025-08-29T15:41:03.391Z",
        "updated_at": "2025-08-29T15:41:03.391Z"
    }
},
{
    "model": "shop.product",
    "pk": 6,
    "fields": {
        "name": "Nail",
        "price": "100.00",
        "image": "products/images/nail.png",
        "three_d_path": "",
        "mtl_file": "",
        "category": "Hardware",
        "rating": 4.1,
        "likes": 180,
        "description": "Standard nails for general construction",
        "in_stock": true,
        "discount": 0,
        "stock": 35,
        "created_at": "2025-09-04T12:02:04.590Z",
        "updated_at": "2025-09-04T12:02:04.590Z"
    }
},
{
    "model": "shop.product",
    "pk": 7,
    "fields": {
        "name": "Hammer",
        "price": "4000.00",
        "image": "products/images/hammer.png",
        "three_d_path": "products/3d/Hammer.obj",
        "mtl_file": "products/mtl/Hammer.mtl",
        "category": "Tools",
        "rating": 4.6,
        "likes": 250,
        "description": "Classic hammer for all your striking needs.",
        "in_stock": true,
        "discount": 8,
        "stock": 20,
        "created_at": "2025-09-04T12:04:10.762Z",
        "updated_at": "2025-09-04T12:04:10.762Z"
    }
},
{
    "model": "shop.product",
    "pk": 8,
    "fields": {
        "name": "Spade",
        "price": "1000.00",
        "image": "products/images/spade.png",
        "three_d_path": "",
        "mtl_file": "",
        "category": "Tools",
        "rating": 3.8,
        "likes": 70,
        "description": "Sturdy spade for digging and moving materials.",
        "in_stock": true,
        "discount": 0,
        "stock": 5,
        "created_at": "2025-09-04T12:05:34.062Z",
        "updated_at": "2025-09-04T12:05:34.062Z"
    }
},
{
    "model": "shop.product",
    "pk": 9,
    "fields": {
        "name": "Measuring tape",
        "price": "1000.00",
        "image": "products/images/tape.png",
        "three_d_path": "products/3d/10322_Tape_Measures_v2_iterations-2.obj",
        "mtl_file": "products/mtl/10322_Tape_Measures_v2_iterations-2.mtl",
        "category": "Tools",
        "rating": 4.4,
        "likes": 110,
        "description": "Accurate measuring tape for precise work.",
        "in_stock": true,
        "discount": 12,
        "stock": 25,
        "created_at": "2025-09-04T12:07:01.098Z",
        "updated_at": "2025-09-04T12:07:01.098Z"
    }
},
{
    "model": "shop.product",
    "pk": 10,
    "fields": {
        "name": "Wheel barrow",
        "price": "6500.00",
        "image": "products/images/wheelbarrow.png",
        "three_d_path": "products/3d/wheelbarrow_obj.obj",
        "mtl_file": "products/mtl/wheelbarrow_mtl.mtl",
        "category": "Tools",
        "rating": 4.3,
        "likes": 95,
        "description": "Robust wheelbarrow for transporting heavy loads.",
        "in_stock": true,
        "discount": 20,
        "stock": 12,
        "created_at": "2025-09-04T12:09:27.754Z",
        "updated_at": "2025-09-04T12:09:27.754Z"
    }
},
{
    "model": "shop.product",
    "pk": 11,
    "fields": {
        "name": "Wood",
        "price": "1000.00",
        "image": "products/images/wood.png",
        "three_d_path": "",
        "mtl_file": "",
        "category": "Materials",
        "rating": 3.9,
        "likes": 60,
        "description": "Versatile wood planks for various building projects.",
        "in_stock": true,
        "discount": 7,
        "stock": 34,
        "created_at": "2025-09-04T12:11:23.014Z",
        "updated_at": "2025-09-04T12:11:23.014Z"
    }
},
{
    "model": "shop.product",
    "pk": 12,
    "fields": {
        "name": "Cement bag",
        "price": "6000.00",
        "image": "products/images/cement.png",
        "three_d_path": "",
        "mtl_file": "",
        "category": "Materials",
        "rating": 4.8,
        "likes": 280,
        "description": "High-strength cement for all concrete applications.",
        "in_stock": true,
        "discount": 0,
        "stock": 36,
        "created_at": "2025-09-04T12:12:31.114Z",
        "updated_at": "2025-09-04T12:12:31.114Z"
    }
},
{
    "model": "shop.product",
    "pk": 13,
    "fields": {
        "name": "Security gloves",
        "price": "1200.00",
        "image": "products/images/gloves.png",
        "three_d_path": "",
        "mtl_file": "",
        "category": "Hardware",
        "rating": 3.9,
        "likes": 100,
        "description": "Strong grip, cut-resistant, and built for tough jobs.",
        "in_stock": true,
        "discount": 0,
        "stock": 25,
        "created_at": "2025-09-04T12:13:39.818Z",
        "updated_at": "2025-09-04T12:13:39.818Z"
    }
},
{
    "model": "shop.product",
    "pk": 14,
    "fields": {
        "name": "Safety glasses",
        "price": "4000.00",
        "image": "products/images/Safety_glasses.png",
        "three_d_path": "",
        "mtl_file": "",
        "category": "Hardware",
        "rating": 3.1,
        "likes": 50,
        "description": "Durable, lightweight, and impact-resistant.",
        "in_stock": true,
        "discount": 10,
        "stock": 5,
        "created_at": "2025-09-04T12:15:23.409Z",
        "updated_at": "2025-09-04T12:15:23.409Z"
    }
},
{
    "model": "shop.product",
    "pk": 15,
    "fields": {
        "name": "Security boots",
        "price": "12000.00",
        "image": "products/images/boots.jpg",
        "three_d_path": "products/3d/13642_Polo_Boots_v1_L2.obj",
        "mtl_file": "products/mtl/13642_Polo_Boots_v1_L2.mtl",
        "category": "Tools",
        "rating": 4.9,
        "likes": 300,
        "description": "Tough, slip-resistant, and steel toed to keep your feet safe on any site.",
        "in_stock": true,
        "discount": 15,
        "stock": 12,
        "created_at": "2025-09-04T12:16:53.170Z",
        "updated_at": "2025-09-04T12:16:53.170Z"
    }
},
{
    "model": "shop.product",
    "pk": 16,
    "fields": {
        "name": "Rain boots",
        "price": "10000.00",
        "image": "products/images/RainBoot.png",
        "three_d_path": "products/3d/RainBoot01.obj",
        "mtl_file": "products/mtl/RainBoot01.mtl",
        "category": "Tools",
        "rating": 4.6,
        "likes": 250,
        "description": "Durable boots for any rainy days.",
        "in_stock": true,
        "discount": 8,
        "stock": 25,
        "created_at": "2025-09-04T12:18:28.070Z",
        "updated_at": "2025-09-04T12:19:43.496Z"
    }
},
{
    "model": "shop.order",
    "pk": 9,
    "fields": {
        "customer": [
            "atebamax@gmail.com"
        ],
        "assigned_agent": [
            "vero@gmail.com"
        ],
        "total_price": "20160.00",
        "status": "Delivered",
        "created_at": "2025-10-02T04:15:04.380Z",
        "updated_at": "2025-10-02T04:15:47.832Z",
        "transaction_id": null
    }
},
{
    "model": "shop.order",
    "pk": 10,
    "fields": {
        "customer": [
            "asena@gmail.com"
        ],
        "assigned_agent": null,
        "total_price": "25600.00",
        "status": "Pending",
        "created_at": "2025-10-02T05:01:07.482Z",
        "updated_at": "2025-10-02T05:01:07.543Z",
        "transaction_id": null
    }
},
{
    "model": "shop.order",
    "pk": 11,
    "fields": {
        "customer": [
            "atebamax@gmail.com"
        ],
        "assigned_agent": [
            "vero@gmail.com"
        ],
        "total_price": "10960.00",
        "status": "Delivered",
        "created_at": "2025-10-02T07:29:24.671Z",
        "updated_at": "2025-10-02T07:30:10.781Z",
        "transaction_id": null
    }
},
{
    "model": "shop.order",
    "pk": 12,
    "fields": {
        "customer": [
            "atebamax@gmail.com"
        ],
        "assigned_agent": [
            "vero@gmail.com"
        ],
        "total_price": "3290.00",
        "status": "Delivered",
        "created_at": "2025-10-02T09:34:33.396Z",
        "updated_at": "2025-10-02T09:35:22.240Z",
        "transaction_id": null
    }
},
{
    "model": "shop.order",
    "pk": 13,
    "fields": {
        "customer": [
            "jacob@gmail.com"
        ],
        "assigned_agent": null,
        "total_price": "21350.00",
        "status": "Pending",
        "created_at": "2026-03-06T03:44:16.215Z",
        "updated_at": "2026-03-06T03:44:16.246Z",
        "transaction_id": null
    }
},
{
    "model": "shop.orderitem",
    "pk": 11,
    "fields": {
        "order": 9,
        "product": 9,
        "quantity": 2,
        "price_at_purchase": "880.00"
    }
},
{
    "model": "shop.orderitem",
    "pk": 12,
    "fields": {
        "order": 9,
        "product": 16,
        "quantity": 2,
        "price_at_purchase": "9200.00"
    }
},
{
    "model": "shop.orderitem",
    "pk": 13,
    "fields": {
        "order": 10,
        "product": 2,
        "quantity": 4,
        "price_at_purchase": "2500.00"
    }
},
{
    "model": "shop.orderitem",
    "pk": 14,
    "fields": {
        "order": 10,
        "product": 10,
        "quantity": 3,
        "price_at_purchase": "5200.00"
    }
},
{
    "model": "shop.orderitem",
    "pk": 15,
    "fields": {
        "order": 11,
        "product": 9,
        "quantity": 2,
        "price_at_purchase": "880.00"
    }
},
{
    "model": "shop.orderitem",
    "pk": 16,
    "fields": {
        "order": 11,
        "product": 16,
        "quantity": 1,
        "price_at_purchase": "9200.00"
    }
},
{
    "model": "shop.orderitem",
    "pk": 17,
    "fields": {
        "order": 12,
        "product": 9,
        "quantity": 3,
        "price_at_purchase": "880.00"
    }
},
{
    "model": "shop.orderitem",
    "pk": 18,
    "fields": {
        "order": 12,
        "product": 3,
        "quantity": 1,
        "price_at_purchase": "650.00"
    }
},
{
    "model": "shop.orderitem",
    "pk": 19,
    "fields": {
        "order": 13,
        "product": 5,
        "quantity": 1,
        "price_at_purchase": "21250.00"
    }
},
{
    "model": "shop.orderitem",
    "pk": 20,
    "fields": {
        "order": 13,
        "product": 6,
        "quantity": 1,
        "price_at_purchase": "100.00"
    }
},
{
    "model": "portal.servicerequest",
    "pk": 16,
    "fields": {
        "technician": [
            "jacob@gmail.com"
        ],
        "client": [
            "atebamax@gmail.com"
        ],
        "client_name": "Ateba Max",
        "contact": "694567328",
        "preferred_method": "Call",
        "message": "I need a roofing for my new villa at Etoudi",
        "location": "Street 5.751, Etoudi, Yaoundé",
        "status": "accepted",
        "created_at": "2025-10-02T04:19:53.556Z",
        "updated_at": "2025-10-02T04:20:23.282Z"
    }
},
{
    "model": "portal.servicerequest",
    "pk": 17,
    "fields": {
        "technician": [
            "simon@gmail.com"
        ],
        "client": [
            "tatiezeu@gmail.com"
        ],
        "client_name": "Tatiezeu",
        "contact": "683928437",
        "preferred_method": "WhatsApp",
        "message": "I want to work in a collaboration on a new building project at Nomayos",
        "location": "Obobogo",
        "status": "pending",
        "created_at": "2025-10-02T04:24:43.266Z",
        "updated_at": "2025-10-02T04:24:43.266Z"
    }
},
{
    "model": "portal.servicerequest",
    "pk": 18,
    "fields": {
        "technician": [
            "oscar@gmail.com"
        ],
        "client": [
            "atebamax@gmail.com"
        ],
        "client_name": "Ateba",
        "contact": "674847484",
        "preferred_method": "Call",
        "message": "i NEED A ROOFING FOR MY HOUSE",
        "location": "Obobogo",
        "status": "accepted",
        "created_at": "2025-10-02T07:32:53.712Z",
        "updated_at": "2025-10-02T07:33:39.898Z"
    }
},
{
    "model": "portal.servicerequest",
    "pk": 19,
    "fields": {
        "technician": [
            "oscar@gmail.com"
        ],
        "client": [
            "atebamax@gmail.com"
        ],
        "client_name": "Ateba",
        "contact": "6726736253",
        "preferred_method": "Call",
        "message": "i need a roofing for my house",
        "location": "Obobogo",
        "status": "accepted",
        "created_at": "2025-10-02T09:36:50.134Z",
        "updated_at": "2025-10-02T09:37:44.833Z"
    }
},
{
    "model": "portal.servicerequest",
    "pk": 20,
    "fields": {
        "technician": [
            "jacob@gmail.com"
        ],
        "client": [
            "atebamax@gmail.com"
        ],
        "client_name": "Ateba Max",
        "contact": "673834738",
        "preferred_method": "WhatsApp",
        "message": "i need wooden furnitures like bed for my home",
        "location": "Obobogo",
        "status": "accepted",
        "created_at": "2025-10-02T10:06:17.450Z",
        "updated_at": "2025-10-02T10:07:00.102Z"
    }
},
{
    "model": "notifications.notification",
    "pk": 10,
    "fields": {
        "recipient": [
            "atebamax@gmail.com"
        ],
        "request": 20,
        "message": "Your service request 'i need wooden furnit...' has been accepted by Jacob Nail.",
        "is_read": false,
        "created_at": "2025-10-02T10:07:00.120Z"
    }
},
{
    "model": "admin.logentry",
    "pk": 1,
    "fields": {
        "action_time": "2025-08-27T16:20:47.533Z",
        "user": [
            "driane@gmail.com"
        ],
        "content_type": [
            "authentication",
            "user"
        ],
        "object_id": "11",
        "object_repr": "tanan@gmail.com",
        "action_flag": 1,
        "change_message": "[{\"added\": {}}]"
    }
},
{
    "model": "admin.logentry",
    "pk": 2,
    "fields": {
        "action_time": "2025-08-27T16:22:23.651Z",
        "user": [
            "driane@gmail.com"
        ],
        "content_type": [
            "authentication",
            "user"
        ],
        "object_id": "12",
        "object_repr": "vero@gmail.com",
        "action_flag": 1,
        "change_message": "[{\"added\": {}}]"
    }
},
{
    "model": "admin.logentry",
    "pk": 3,
    "fields": {
        "action_time": "2025-08-29T15:33:30.456Z",
        "user": [
            "driane@gmail.com"
        ],
        "content_type": [
            "shop",
            "product"
        ],
        "object_id": "1",
        "object_repr": "Product object (1)",
        "action_flag": 1,
        "change_message": "[{\"added\": {}}]"
    }
},
{
    "model": "admin.logentry",
    "pk": 4,
    "fields": {
        "action_time": "2025-08-29T15:35:02.935Z",
        "user": [
            "driane@gmail.com"
        ],
        "content_type": [
            "shop",
            "product"
        ],
        "object_id": "2",
        "object_repr": "Product object (2)",
        "action_flag": 1,
        "change_message": "[{\"added\": {}}]"
    }
},
{
    "model": "admin.logentry",
    "pk": 5,
    "fields": {
        "action_time": "2025-08-29T15:36:22.110Z",
        "user": [
            "driane@gmail.com"
        ],
        "content_type": [
            "shop",
            "product"
        ],
        "object_id": "3",
        "object_repr": "Product object (3)",
        "action_flag": 1,
        "change_message": "[{\"added\": {}}]"
    }
},
{
    "model": "admin.logentry",
    "pk": 6,
    "fields": {
        "action_time": "2025-08-29T15:38:42.906Z",
        "user": [
            "driane@gmail.com"
        ],
        "content_type": [
            "shop",
            "product"
        ],
        "object_id": "4",
        "object_repr": "Product object (4)",
        "action_flag": 1,
        "change_message": "[{\"added\": {}}]"
    }
},
{
    "model": "admin.logentry",
    "pk": 7,
    "fields": {
        "action_time": "2025-08-29T15:41:03.393Z",
        "user": [
            "driane@gmail.com"
        ],
        "content_type": [
            "shop",
            "product"
        ],
        "object_id": "5",
        "object_repr": "Product object (5)",
        "action_flag": 1,
        "change_message": "[{\"added\": {}}]"
    }
},
{
    "model": "admin.logentry",
    "pk": 8,
    "fields": {
        "action_time": "2025-09-03T03:27:26.340Z",
        "user": [
            "driane@gmail.com"
        ],
        "content_type": [
            "authentication",
            "user"
        ],
        "object_id": "4",
        "object_repr": "briel@gmail.com",
        "action_flag": 2,
        "change_message": "[{\"changed\": {\"fields\": [\"password\"]}}]"
    }
},
{
    "model": "admin.logentry",
    "pk": 9,
    "fields": {
        "action_time": "2025-09-03T03:27:34.461Z",
        "user": [
            "driane@gmail.com"
        ],
        "content_type": [
            "authentication",
            "user"
        ],
        "object_id": "4",
        "object_repr": "briel@gmail.com",
        "action_flag": 2,
        "change_message": "[]"
    }
},
{
    "model": "admin.logentry",
    "pk": 10,
    "fields": {
        "action_time": "2025-09-04T12:02:04.592Z",
        "user": [
            "driane@gmail.com"
        ],
        "content_type": [
            "shop",
            "product"
        ],
        "object_id": "6",
        "object_repr": "Product object (6)",
        "action_flag": 1,
        "change_message": "[{\"added\": {}}]"
    }
},
{
    "model": "admin.logentry",
    "pk": 11,
    "fields": {
        "action_time": "2025-09-04T12:04:10.764Z",
        "user": [
            "driane@gmail.com"
        ],
        "content_type": [
            "shop",
            "product"
        ],
        "object_id": "7",
        "object_repr": "Product object (7)",
        "action_flag": 1,
        "change_message": "[{\"added\": {}}]"
    }
},
{
    "model": "admin.logentry",
    "pk": 12,
    "fields": {
        "action_time": "2025-09-04T12:05:34.064Z",
        "user": [
            "driane@gmail.com"
        ],
        "content_type": [
            "shop",
            "product"
        ],
        "object_id": "8",
        "object_repr": "Product object (8)",
        "action_flag": 1,
        "change_message": "[{\"added\": {}}]"
    }
},
{
    "model": "admin.logentry",
    "pk": 13,
    "fields": {
        "action_time": "2025-09-04T12:07:01.100Z",
        "user": [
            "driane@gmail.com"
        ],
        "content_type": [
            "shop",
            "product"
        ],
        "object_id": "9",
        "object_repr": "Product object (9)",
        "action_flag": 1,
        "change_message": "[{\"added\": {}}]"
    }
},
{
    "model": "admin.logentry",
    "pk": 14,
    "fields": {
        "action_time": "2025-09-04T12:09:27.756Z",
        "user": [
            "driane@gmail.com"
        ],
        "content_type": [
            "shop",
            "product"
        ],
        "object_id": "10",
        "object_repr": "Product object (10)",
        "action_flag": 1,
        "change_message": "[{\"added\": {}}]"
    }
},
{
    "model": "admin.logentry",
    "pk": 15,
    "fields": {
        "action_time": "2025-09-04T12:11:23.017Z",
        "user": [
            "driane@gmail.com"
        ],
        "content_type": [
            "shop",
            "product"
        ],
        "object_id": "11",
        "object_repr": "Product object (11)",
        "action_flag": 1,
        "change_message": "[{\"added\": {}}]"
    }
},
{
    "model": "admin.logentry",
    "pk": 16,
    "fields": {
        "action_time": "2025-09-04T12:12:31.115Z",
        "user": [
            "driane@gmail.com"
        ],
        "content_type": [
            "shop",
            "product"
        ],
        "object_id": "12",
        "object_repr": "Product object (12)",
        "action_flag": 1,
        "change_message": "[{\"added\": {}}]"
    }
},
{
    "model": "admin.logentry",
    "pk": 17,
    "fields": {
        "action_time": "2025-09-04T12:13:39.822Z",
        "user": [
            "driane@gmail.com"
        ],
        "content_type": [
            "shop",
            "product"
        ],
        "object_id": "13",
        "object_repr": "Product object (13)",
        "action_flag": 1,
        "change_message": "[{\"added\": {}}]"
    }
},
{
    "model": "admin.logentry",
    "pk": 18,
    "fields": {
        "action_time": "2025-09-04T12:15:23.411Z",
        "user": [
            "driane@gmail.com"
        ],
        "content_type": [
            "shop",
            "product"
        ],
        "object_id": "14",
        "object_repr": "Product object (14)",
        "action_flag": 1,
        "change_message": "[{\"added\": {}}]"
    }
},
{
    "model": "admin.logentry",
    "pk": 19,
    "fields": {
        "action_time": "2025-09-04T12:16:53.171Z",
        "user": [
            "driane@gmail.com"
        ],
        "content_type": [
            "shop",
            "product"
        ],
        "object_id": "15",
        "object_repr": "Product object (15)",
        "action_flag": 1,
        "change_message": "[{\"added\": {}}]"
    }
},
{
    "model": "admin.logentry",
    "pk": 20,
    "fields": {
        "action_time": "2025-09-04T12:18:28.072Z",
        "user": [
            "driane@gmail.com"
        ],
        "content_type": [
            "shop",
            "product"
        ],
        "object_id": "16",
        "object_repr": "Product object (16)",
        "action_flag": 1,
        "change_message": "[{\"added\": {}}]"
    }
},
{
    "model": "admin.logentry",
    "pk": 21,
    "fields": {
        "action_time": "2025-09-04T12:19:43.498Z",
        "user": [
            "driane@gmail.com"
        ],
        "content_type": [
            "shop",
            "product"
        ],
        "object_id": "16",
        "object_repr": "Product object (16)",
        "action_flag": 2,
        "change_message": "[{\"changed\": {\"fields\": [\"Name\", \"Image\"]}}]"
    }
},
{
    "model": "admin.logentry",
    "pk": 22,
    "fields": {
        "action_time": "2025-09-05T04:11:48.687Z",
        "user": [
            "driane@gmail.com"
        ],
        "content_type": [
            "authentication",
            "user"
        ],
        "object_id": "12",
        "object_repr": "vero@gmail.com",
        "action_flag": 2,
        "change_message": "[{\"changed\": {\"fields\": [\"password\"]}}]"
    }
},
{
    "model": "admin.logentry",
    "pk": 23,
    "fields": {
        "action_time": "2025-09-05T04:14:18.894Z",
        "user": [
            "driane@gmail.com"
        ],
        "content_type": [
            "authentication",
            "user"
        ],
        "object_id": "10",
        "object_repr": "arielle@gmail.com",
        "action_flag": 3,
        "change_message": ""
    }
},
{
    "model": "admin.logentry",
    "pk": 24,
    "fields": {
        "action_time": "2025-09-05T04:14:18.894Z",
        "user": [
            "driane@gmail.com"
        ],
        "content_type": [
            "authentication",
            "user"
        ],
        "object_id": "1",
        "object_repr": "john@example.com",
        "action_flag": 3,
        "change_message": ""
    }
},
{
    "model": "admin.logentry",
    "pk": 25,
    "fields": {
        "action_time": "2025-09-05T04:14:18.894Z",
        "user": [
            "driane@gmail.com"
        ],
        "content_type": [
            "authentication",
            "user"
        ],
        "object_id": "6",
        "object_repr": "john@gmail.com",
        "action_flag": 3,
        "change_message": ""
    }
},
{
    "model": "admin.logentry",
    "pk": 26,
    "fields": {
        "action_time": "2025-09-05T04:14:18.894Z",
        "user": [
            "driane@gmail.com"
        ],
        "content_type": [
            "authentication",
            "user"
        ],
        "object_id": "7",
        "object_repr": "thierry@gmail.com",
        "action_flag": 3,
        "change_message": ""
    }
},
{
    "model": "admin.logentry",
    "pk": 27,
    "fields": {
        "action_time": "2025-09-05T04:27:25.668Z",
        "user": [
            "driane@gmail.com"
        ],
        "content_type": [
            "authentication",
            "user"
        ],
        "object_id": "13",
        "object_repr": "john@gmail.com",
        "action_flag": 1,
        "change_message": "[{\"added\": {}}]"
    }
},
{
    "model": "admin.logentry",
    "pk": 28,
    "fields": {
        "action_time": "2025-09-05T04:32:40.280Z",
        "user": [
            "driane@gmail.com"
        ],
        "content_type": [
            "authentication",
            "user"
        ],
        "object_id": "14",
        "object_repr": "peter@gmail.com",
        "action_flag": 1,
        "change_message": "[{\"added\": {}}]"
    }
},
{
    "model": "admin.logentry",
    "pk": 29,
    "fields": {
        "action_time": "2025-09-05T04:33:57.632Z",
        "user": [
            "driane@gmail.com"
        ],
        "content_type": [
            "authentication",
            "user"
        ],
        "object_id": "14",
        "object_repr": "peter@gmail.com",
        "action_flag": 2,
        "change_message": "[]"
    }
},
{
    "model": "admin.logentry",
    "pk": 30,
    "fields": {
        "action_time": "2025-09-05T04:36:50.752Z",
        "user": [
            "driane@gmail.com"
        ],
        "content_type": [
            "authentication",
            "user"
        ],
        "object_id": "15",
        "object_repr": "samuel@gmail.com",
        "action_flag": 1,
        "change_message": "[{\"added\": {}}]"
    }
},
{
    "model": "admin.logentry",
    "pk": 31,
    "fields": {
        "action_time": "2025-09-05T04:37:01.181Z",
        "user": [
            "driane@gmail.com"
        ],
        "content_type": [
            "authentication",
            "user"
        ],
        "object_id": "15",
        "object_repr": "samuel@gmail.com",
        "action_flag": 2,
        "change_message": "[]"
    }
},
{
    "model": "admin.logentry",
    "pk": 32,
    "fields": {
        "action_time": "2025-09-05T04:39:40.211Z",
        "user": [
            "driane@gmail.com"
        ],
        "content_type": [
            "authentication",
            "user"
        ],
        "object_id": "16",
        "object_repr": "mike@gmail.com",
        "action_flag": 1,
        "change_message": "[{\"added\": {}}]"
    }
},
{
    "model": "admin.logentry",
    "pk": 33,
    "fields": {
        "action_time": "2025-09-05T04:44:45.888Z",
        "user": [
            "driane@gmail.com"
        ],
        "content_type": [
            "authentication",
            "user"
        ],
        "object_id": "17",
        "object_repr": "alex@gmail.com",
        "action_flag": 1,
        "change_message": "[{\"added\": {}}]"
    }
},
{
    "model": "admin.logentry",
    "pk": 34,
    "fields": {
        "action_time": "2025-09-05T04:47:00.954Z",
        "user": [
            "driane@gmail.com"
        ],
        "content_type": [
            "authentication",
            "user"
        ],
        "object_id": "18",
        "object_repr": "eddy@gmail.com",
        "action_flag": 1,
        "change_message": "[{\"added\": {}}]"
    }
},
{
    "model": "admin.logentry",
    "pk": 35,
    "fields": {
        "action_time": "2025-09-05T04:48:57.556Z",
        "user": [
            "driane@gmail.com"
        ],
        "content_type": [
            "authentication",
            "user"
        ],
        "object_id": "19",
        "object_repr": "bright@gmail.com",
        "action_flag": 1,
        "change_message": "[{\"added\": {}}]"
    }
},
{
    "model": "admin.logentry",
    "pk": 36,
    "fields": {
        "action_time": "2025-09-05T04:50:44.865Z",
        "user": [
            "driane@gmail.com"
        ],
        "content_type": [
            "authentication",
            "user"
        ],
        "object_id": "17",
        "object_repr": "alex@gmail.com",
        "action_flag": 2,
        "change_message": "[{\"changed\": {\"fields\": [\"Profile picture\"]}}]"
    }
},
{
    "model": "admin.logentry",
    "pk": 37,
    "fields": {
        "action_time": "2025-09-05T04:54:35.597Z",
        "user": [
            "driane@gmail.com"
        ],
        "content_type": [
            "authentication",
            "user"
        ],
        "object_id": "20",
        "object_repr": "chris@gmail.com",
        "action_flag": 1,
        "change_message": "[{\"added\": {}}]"
    }
},
{
    "model": "admin.logentry",
    "pk": 38,
    "fields": {
        "action_time": "2025-09-05T04:56:58.223Z",
        "user": [
            "driane@gmail.com"
        ],
        "content_type": [
            "authentication",
            "user"
        ],
        "object_id": "21",
        "object_repr": "paul@gmail.com",
        "action_flag": 1,
        "change_message": "[{\"added\": {}}]"
    }
},
{
    "model": "admin.logentry",
    "pk": 39,
    "fields": {
        "action_time": "2025-09-05T04:59:06.637Z",
        "user": [
            "driane@gmail.com"
        ],
        "content_type": [
            "authentication",
            "user"
        ],
        "object_id": "22",
        "object_repr": "daniel@gmail.com",
        "action_flag": 1,
        "change_message": "[{\"added\": {}}]"
    }
},
{
    "model": "admin.logentry",
    "pk": 40,
    "fields": {
        "action_time": "2025-09-05T05:01:01.035Z",
        "user": [
            "driane@gmail.com"
        ],
        "content_type": [
            "authentication",
            "user"
        ],
        "object_id": "23",
        "object_repr": "simon@gmail.com",
        "action_flag": 1,
        "change_message": "[{\"added\": {}}]"
    }
},
{
    "model": "admin.logentry",
    "pk": 41,
    "fields": {
        "action_time": "2025-09-05T05:02:12.437Z",
        "user": [
            "driane@gmail.com"
        ],
        "content_type": [
            "authentication",
            "user"
        ],
        "object_id": "24",
        "object_repr": "henry@gmail.com",
        "action_flag": 1,
        "change_message": "[{\"added\": {}}]"
    }
},
{
    "model": "admin.logentry",
    "pk": 42,
    "fields": {
        "action_time": "2025-09-05T05:07:19.002Z",
        "user": [
            "driane@gmail.com"
        ],
        "content_type": [
            "authentication",
            "user"
        ],
        "object_id": "25",
        "object_repr": "carl@gmail.com",
        "action_flag": 1,
        "change_message": "[{\"added\": {}}]"
    }
},
{
    "model": "admin.logentry",
    "pk": 43,
    "fields": {
        "action_time": "2025-09-05T05:08:58.072Z",
        "user": [
            "driane@gmail.com"
        ],
        "content_type": [
            "authentication",
            "user"
        ],
        "object_id": "26",
        "object_repr": "jacob@gmail.com",
        "action_flag": 1,
        "change_message": "[{\"added\": {}}]"
    }
},
{
    "model": "admin.logentry",
    "pk": 44,
    "fields": {
        "action_time": "2025-09-05T05:12:44.127Z",
        "user": [
            "driane@gmail.com"
        ],
        "content_type": [
            "authentication",
            "user"
        ],
        "object_id": "27",
        "object_repr": "victor@gmail.com",
        "action_flag": 1,
        "change_message": "[{\"added\": {}}]"
    }
},
{
    "model": "admin.logentry",
    "pk": 45,
    "fields": {
        "action_time": "2025-09-05T05:14:39.928Z",
        "user": [
            "driane@gmail.com"
        ],
        "content_type": [
            "authentication",
            "user"
        ],
        "object_id": "27",
        "object_repr": "victor@gmail.com",
        "action_flag": 2,
        "change_message": "[{\"changed\": {\"fields\": [\"Specialty\", \"Address\", \"Cni number\", \"Rating\", \"Profile picture\"]}}]"
    }
},
{
    "model": "admin.logentry",
    "pk": 46,
    "fields": {
        "action_time": "2025-09-06T03:19:14.528Z",
        "user": [
            "driane@gmail.com"
        ],
        "content_type": [
            "authentication",
            "user"
        ],
        "object_id": "28",
        "object_repr": "oscar@gmail.com",
        "action_flag": 1,
        "change_message": "[{\"added\": {}}]"
    }
},
{
    "model": "admin.logentry",
    "pk": 47,
    "fields": {
        "action_time": "2025-09-06T03:19:19.919Z",
        "user": [
            "driane@gmail.com"
        ],
        "content_type": [
            "authentication",
            "user"
        ],
        "object_id": "28",
        "object_repr": "oscar@gmail.com",
        "action_flag": 2,
        "change_message": "[]"
    }
},
{
    "model": "admin.logentry",
    "pk": 48,
    "fields": {
        "action_time": "2025-09-06T04:20:20.159Z",
        "user": [
            "driane@gmail.com"
        ],
        "content_type": [
            "portal",
            "servicerequest"
        ],
        "object_id": "1",
        "object_repr": "Request → Oscar Join [pending]",
        "action_flag": 3,
        "change_message": ""
    }
},
{
    "model": "admin.logentry",
    "pk": 49,
    "fields": {
        "action_time": "2025-09-06T12:57:04.191Z",
        "user": [
            "driane@gmail.com"
        ],
        "content_type": [
            "portal",
            "servicerequest"
        ],
        "object_id": "7",
        "object_repr": "Request → Victor Saw [pending]",
        "action_flag": 2,
        "change_message": "[{\"changed\": {\"fields\": [\"Status\"]}}]"
    }
},
{
    "model": "admin.logentry",
    "pk": 50,
    "fields": {
        "action_time": "2025-09-06T12:57:14.934Z",
        "user": [
            "driane@gmail.com"
        ],
        "content_type": [
            "portal",
            "servicerequest"
        ],
        "object_id": "3",
        "object_repr": "Request → Victor Saw [pending]",
        "action_flag": 2,
        "change_message": "[{\"changed\": {\"fields\": [\"Status\"]}}]"
    }
},
{
    "model": "admin.logentry",
    "pk": 51,
    "fields": {
        "action_time": "2025-09-08T09:15:10.782Z",
        "user": [
            "driane@gmail.com"
        ],
        "content_type": [
            "authentication",
            "user"
        ],
        "object_id": "5",
        "object_repr": "driane@gmail.com",
        "action_flag": 2,
        "change_message": "[{\"changed\": {\"fields\": [\"Role\"]}}]"
    }
},
{
    "model": "admin.logentry",
    "pk": 52,
    "fields": {
        "action_time": "2025-09-19T03:48:14.589Z",
        "user": [
            "driane@gmail.com"
        ],
        "content_type": [
            "authentication",
            "user"
        ],
        "object_id": "12",
        "object_repr": "vero@gmail.com",
        "action_flag": 2,
        "change_message": "[{\"changed\": {\"fields\": [\"password\"]}}]"
    }
},
{
    "model": "admin.logentry",
    "pk": 53,
    "fields": {
        "action_time": "2025-09-19T03:52:02.439Z",
        "user": [
            "driane@gmail.com"
        ],
        "content_type": [
            "authentication",
            "user"
        ],
        "object_id": "12",
        "object_repr": "vero@gmail.com",
        "action_flag": 2,
        "change_message": "[{\"changed\": {\"fields\": [\"Profile picture\"]}}]"
    }
},
{
    "model": "admin.logentry",
    "pk": 54,
    "fields": {
        "action_time": "2025-09-19T04:29:43.923Z",
        "user": [
            "driane@gmail.com"
        ],
        "content_type": [
            "authentication",
            "user"
        ],
        "object_id": "4",
        "object_repr": "briel@gmail.com",
        "action_flag": 2,
        "change_message": "[{\"changed\": {\"fields\": [\"password\"]}}]"
    }
},
{
    "model": "admin.logentry",
    "pk": 55,
    "fields": {
        "action_time": "2025-09-19T04:29:49.257Z",
        "user": [
            "driane@gmail.com"
        ],
        "content_type": [
            "authentication",
            "user"
        ],
        "object_id": "4",
        "object_repr": "briel@gmail.com",
        "action_flag": 2,
        "change_message": "[]"
    }
},
{
    "model": "admin.logentry",
    "pk": 56,
    "fields": {
        "action_time": "2025-09-23T13:18:27.297Z",
        "user": [
            "driane@gmail.com"
        ],
        "content_type": [
            "authentication",
            "user"
        ],
        "object_id": "32",
        "object_repr": "samson@gmail.com",
        "action_flag": 1,
        "change_message": "[{\"added\": {}}]"
    }
},
{
    "model": "admin.logentry",
    "pk": 57,
    "fields": {
        "action_time": "2025-09-30T04:25:31.113Z",
        "user": [
            "driane@gmail.com"
        ],
        "content_type": [
            "portal",
            "servicerequest"
        ],
        "object_id": "13",
        "object_repr": "Request → Jacob Nail [pending]",
        "action_flag": 2,
        "change_message": "[{\"changed\": {\"fields\": [\"Status\"]}}]"
    }
},
{
    "model": "admin.logentry",
    "pk": 58,
    "fields": {
        "action_time": "2025-09-30T04:25:52.056Z",
        "user": [
            "driane@gmail.com"
        ],
        "content_type": [
            "portal",
            "servicerequest"
        ],
        "object_id": "4",
        "object_repr": "Request → Jacob Nail [pending]",
        "action_flag": 2,
        "change_message": "[{\"changed\": {\"fields\": [\"Status\"]}}]"
    }
},
{
    "model": "admin.logentry",
    "pk": 59,
    "fields": {
        "action_time": "2025-09-30T04:26:03.406Z",
        "user": [
            "driane@gmail.com"
        ],
        "content_type": [
            "portal",
            "servicerequest"
        ],
        "object_id": "2",
        "object_repr": "Request → Jacob Nail [pending]",
        "action_flag": 2,
        "change_message": "[{\"changed\": {\"fields\": [\"Status\"]}}]"
    }
},
{
    "model": "admin.logentry",
    "pk": 60,
    "fields": {
        "action_time": "2025-09-30T05:45:30.351Z",
        "user": [
            "driane@gmail.com"
        ],
        "content_type": [
            "portal",
            "servicerequest"
        ],
        "object_id": "2",
        "object_repr": "Request → Jacob Nail [pending]",
        "action_flag": 2,
        "change_message": "[{\"changed\": {\"fields\": [\"Status\"]}}]"
    }
},
{
    "model": "admin.logentry",
    "pk": 61,
    "fields": {
        "action_time": "2025-09-30T05:46:48.242Z",
        "user": [
            "driane@gmail.com"
        ],
        "content_type": [
            "authentication",
            "user"
        ],
        "object_id": "4",
        "object_repr": "briel@gmail.com",
        "action_flag": 2,
        "change_message": "[{\"changed\": {\"fields\": [\"password\"]}}]"
    }
},
{
    "model": "admin.logentry",
    "pk": 62,
    "fields": {
        "action_time": "2025-09-30T05:50:19.029Z",
        "user": [
            "driane@gmail.com"
        ],
        "content_type": [
            "portal",
            "servicerequest"
        ],
        "object_id": "13",
        "object_repr": "Request → Jacob Nail [pending]",
        "action_flag": 2,
        "change_message": "[{\"changed\": {\"fields\": [\"Status\"]}}]"
    }
},
{
    "model": "admin.logentry",
    "pk": 63,
    "fields": {
        "action_time": "2025-09-30T05:50:35.491Z",
        "user": [
            "driane@gmail.com"
        ],
        "content_type": [
            "portal",
            "servicerequest"
        ],
        "object_id": "4",
        "object_repr": "Request → Jacob Nail [pending]",
        "action_flag": 2,
        "change_message": "[{\"changed\": {\"fields\": [\"Status\"]}}]"
    }
},
{
    "model": "admin.logentry",
    "pk": 64,
    "fields": {
        "action_time": "2025-09-30T06:05:09.622Z",
        "user": [
            "driane@gmail.com"
        ],
        "content_type": [
            "portal",
            "servicerequest"
        ],
        "object_id": "13",
        "object_repr": "Request → Jacob Nail [pending]",
        "action_flag": 2,
        "change_message": "[{\"changed\": {\"fields\": [\"Status\"]}}]"
    }
},
{
    "model": "admin.logentry",
    "pk": 65,
    "fields": {
        "action_time": "2025-09-30T06:05:22.620Z",
        "user": [
            "driane@gmail.com"
        ],
        "content_type": [
            "portal",
            "servicerequest"
        ],
        "object_id": "2",
        "object_repr": "Request → Jacob Nail [pending]",
        "action_flag": 2,
        "change_message": "[{\"changed\": {\"fields\": [\"Status\"]}}]"
    }
},
{
    "model": "admin.logentry",
    "pk": 66,
    "fields": {
        "action_time": "2025-09-30T08:13:23.428Z",
        "user": [
            "driane@gmail.com"
        ],
        "content_type": [
            "portal",
            "servicerequest"
        ],
        "object_id": "13",
        "object_repr": "Request → Jacob Nail [pending]",
        "action_flag": 2,
        "change_message": "[{\"changed\": {\"fields\": [\"Status\"]}}]"
    }
},
{
    "model": "admin.logentry",
    "pk": 67,
    "fields": {
        "action_time": "2025-10-02T03:46:13.129Z",
        "user": [
            "driane@gmail.com"
        ],
        "content_type": [
            "authentication",
            "user"
        ],
        "object_id": "11",
        "object_repr": "tanan@gmail.com",
        "action_flag": 3,
        "change_message": ""
    }
},
{
    "model": "admin.logentry",
    "pk": 68,
    "fields": {
        "action_time": "2025-10-02T03:46:13.129Z",
        "user": [
            "driane@gmail.com"
        ],
        "content_type": [
            "authentication",
            "user"
        ],
        "object_id": "2",
        "object_repr": "tech@example.com",
        "action_flag": 3,
        "change_message": ""
    }
},
{
    "model": "admin.logentry",
    "pk": 69,
    "fields": {
        "action_time": "2025-10-02T03:46:13.129Z",
        "user": [
            "driane@gmail.com"
        ],
        "content_type": [
            "authentication",
            "user"
        ],
        "object_id": "31",
        "object_repr": "techguy@example.com",
        "action_flag": 3,
        "change_message": ""
    }
},
{
    "model": "admin.logentry",
    "pk": 70,
    "fields": {
        "action_time": "2025-10-02T03:46:13.129Z",
        "user": [
            "driane@gmail.com"
        ],
        "content_type": [
            "authentication",
            "user"
        ],
        "object_id": "8",
        "object_repr": "tekeng@gmail.com",
        "action_flag": 3,
        "change_message": ""
    }
},
{
    "model": "admin.logentry",
    "pk": 71,
    "fields": {
        "action_time": "2025-10-02T03:47:10.070Z",
        "user": [
            "driane@gmail.com"
        ],
        "content_type": [
            "authentication",
            "user"
        ],
        "object_id": "29",
        "object_repr": "mbiakop@gmail.com",
        "action_flag": 3,
        "change_message": ""
    }
},
{
    "model": "admin.logentry",
    "pk": 72,
    "fields": {
        "action_time": "2025-10-02T03:48:36.335Z",
        "user": [
            "driane@gmail.com"
        ],
        "content_type": [
            "authentication",
            "user"
        ],
        "object_id": "14",
        "object_repr": "peter@gmail.com",
        "action_flag": 2,
        "change_message": "[{\"changed\": {\"fields\": [\"Profile picture\"]}}]"
    }
},
{
    "model": "admin.logentry",
    "pk": 73,
    "fields": {
        "action_time": "2025-10-02T03:50:11.393Z",
        "user": [
            "driane@gmail.com"
        ],
        "content_type": [
            "authentication",
            "user"
        ],
        "object_id": "12",
        "object_repr": "vero@gmail.com",
        "action_flag": 2,
        "change_message": "[{\"changed\": {\"fields\": [\"Address\", \"Cni number\"]}}]"
    }
},
{
    "model": "admin.logentry",
    "pk": 74,
    "fields": {
        "action_time": "2025-10-02T03:50:50.250Z",
        "user": [
            "driane@gmail.com"
        ],
        "content_type": [
            "authentication",
            "user"
        ],
        "object_id": "30",
        "object_repr": "johndoe@example.com",
        "action_flag": 3,
        "change_message": ""
    }
},
{
    "model": "admin.logentry",
    "pk": 75,
    "fields": {
        "action_time": "2025-10-02T03:50:50.250Z",
        "user": [
            "driane@gmail.com"
        ],
        "content_type": [
            "authentication",
            "user"
        ],
        "object_id": "3",
        "object_repr": "laurienoubissie@gmail.com",
        "action_flag": 3,
        "change_message": ""
    }
},
{
    "model": "admin.logentry",
    "pk": 76,
    "fields": {
        "action_time": "2025-10-02T04:02:03.703Z",
        "user": [
            "driane@gmail.com"
        ],
        "content_type": [
            "authentication",
            "user"
        ],
        "object_id": "33",
        "object_repr": "asena@gmail.com",
        "action_flag": 2,
        "change_message": "[{\"changed\": {\"fields\": [\"Address\"]}}]"
    }
},
{
    "model": "admin.logentry",
    "pk": 77,
    "fields": {
        "action_time": "2025-10-02T04:05:22.254Z",
        "user": [
            "driane@gmail.com"
        ],
        "content_type": [
            "authentication",
            "user"
        ],
        "object_id": "4",
        "object_repr": "briel@gmail.com",
        "action_flag": 2,
        "change_message": "[{\"changed\": {\"fields\": [\"password\"]}}]"
    }
},
{
    "model": "admin.logentry",
    "pk": 78,
    "fields": {
        "action_time": "2025-10-02T04:05:30.635Z",
        "user": [
            "driane@gmail.com"
        ],
        "content_type": [
            "authentication",
            "user"
        ],
        "object_id": "4",
        "object_repr": "briel@gmail.com",
        "action_flag": 2,
        "change_message": "[]"
    }
},
{
    "model": "admin.logentry",
    "pk": 79,
    "fields": {
        "action_time": "2025-10-02T04:07:15.323Z",
        "user": [
            "driane@gmail.com"
        ],
        "content_type": [
            "authentication",
            "user"
        ],
        "object_id": "4",
        "object_repr": "atebamax@gmail.com",
        "action_flag": 2,
        "change_message": "[{\"changed\": {\"fields\": [\"Email\", \"Username\", \"Address\"]}}]"
    }
},
{
    "model": "admin.logentry",
    "pk": 80,
    "fields": {
        "action_time": "2025-10-02T04:07:52.965Z",
        "user": [
            "driane@gmail.com"
        ],
        "content_type": [
            "authentication",
            "user"
        ],
        "object_id": "4",
        "object_repr": "atebamax@gmail.com",
        "action_flag": 2,
        "change_message": "[{\"changed\": {\"fields\": [\"password\"]}}]"
    }
},
{
    "model": "admin.logentry",
    "pk": 81,
    "fields": {
        "action_time": "2025-10-02T04:07:58.684Z",
        "user": [
            "driane@gmail.com"
        ],
        "content_type": [
            "authentication",
            "user"
        ],
        "object_id": "4",
        "object_repr": "atebamax@gmail.com",
        "action_flag": 2,
        "change_message": "[]"
    }
},
{
    "model": "admin.logentry",
    "pk": 82,
    "fields": {
        "action_time": "2025-10-02T04:08:36.535Z",
        "user": [
            "driane@gmail.com"
        ],
        "content_type": [
            "shop",
            "order"
        ],
        "object_id": "8",
        "object_repr": "Order #8 - Tatiezeu (Pending)",
        "action_flag": 3,
        "change_message": ""
    }
},
{
    "model": "admin.logentry",
    "pk": 83,
    "fields": {
        "action_time": "2025-10-02T04:08:36.535Z",
        "user": [
            "driane@gmail.com"
        ],
        "content_type": [
            "shop",
            "order"
        ],
        "object_id": "7",
        "object_repr": "Order #7 - Tatiezeu (Pending)",
        "action_flag": 3,
        "change_message": ""
    }
},
{
    "model": "admin.logentry",
    "pk": 84,
    "fields": {
        "action_time": "2025-10-02T04:08:36.535Z",
        "user": [
            "driane@gmail.com"
        ],
        "content_type": [
            "shop",
            "order"
        ],
        "object_id": "6",
        "object_repr": "Order #6 - Tatiezeu (Pending)",
        "action_flag": 3,
        "change_message": ""
    }
},
{
    "model": "admin.logentry",
    "pk": 85,
    "fields": {
        "action_time": "2025-10-02T04:08:36.535Z",
        "user": [
            "driane@gmail.com"
        ],
        "content_type": [
            "shop",
            "order"
        ],
        "object_id": "5",
        "object_repr": "Order #5 - Tatiezeu (Pending)",
        "action_flag": 3,
        "change_message": ""
    }
},
{
    "model": "admin.logentry",
    "pk": 86,
    "fields": {
        "action_time": "2025-10-02T04:08:36.535Z",
        "user": [
            "driane@gmail.com"
        ],
        "content_type": [
            "shop",
            "order"
        ],
        "object_id": "4",
        "object_repr": "Order #4 - Tatiezeu (Pending)",
        "action_flag": 3,
        "change_message": ""
    }
},
{
    "model": "admin.logentry",
    "pk": 87,
    "fields": {
        "action_time": "2025-10-02T04:08:36.535Z",
        "user": [
            "driane@gmail.com"
        ],
        "content_type": [
            "shop",
            "order"
        ],
        "object_id": "3",
        "object_repr": "Order #3 - Tatiezeu (Delivered)",
        "action_flag": 3,
        "change_message": ""
    }
},
{
    "model": "admin.logentry",
    "pk": 88,
    "fields": {
        "action_time": "2025-10-02T04:08:36.536Z",
        "user": [
            "driane@gmail.com"
        ],
        "content_type": [
            "shop",
            "order"
        ],
        "object_id": "2",
        "object_repr": "Order #2 - Tatiezeu (Delivered)",
        "action_flag": 3,
        "change_message": ""
    }
},
{
    "model": "admin.logentry",
    "pk": 89,
    "fields": {
        "action_time": "2025-10-02T04:08:36.536Z",
        "user": [
            "driane@gmail.com"
        ],
        "content_type": [
            "shop",
            "order"
        ],
        "object_id": "1",
        "object_repr": "Order #1 - Tatiezeu (Delivered)",
        "action_flag": 3,
        "change_message": ""
    }
},
{
    "model": "admin.logentry",
    "pk": 90,
    "fields": {
        "action_time": "2025-10-02T04:09:32.002Z",
        "user": [
            "driane@gmail.com"
        ],
        "content_type": [
            "portal",
            "servicerequest"
        ],
        "object_id": "15",
        "object_repr": "Request → Bright Current [pending]",
        "action_flag": 3,
        "change_message": ""
    }
},
{
    "model": "admin.logentry",
    "pk": 91,
    "fields": {
        "action_time": "2025-10-02T04:09:32.002Z",
        "user": [
            "driane@gmail.com"
        ],
        "content_type": [
            "portal",
            "servicerequest"
        ],
        "object_id": "14",
        "object_repr": "Request → Chris Volt [rejected]",
        "action_flag": 3,
        "change_message": ""
    }
},
{
    "model": "admin.logentry",
    "pk": 92,
    "fields": {
        "action_time": "2025-10-02T04:09:32.002Z",
        "user": [
            "driane@gmail.com"
        ],
        "content_type": [
            "portal",
            "servicerequest"
        ],
        "object_id": "13",
        "object_repr": "Request → Jacob Nail [rejected]",
        "action_flag": 3,
        "change_message": ""
    }
},
{
    "model": "admin.logentry",
    "pk": 93,
    "fields": {
        "action_time": "2025-10-02T04:09:32.002Z",
        "user": [
            "driane@gmail.com"
        ],
        "content_type": [
            "portal",
            "servicerequest"
        ],
        "object_id": "12",
        "object_repr": "Request → Chris Volt [pending]",
        "action_flag": 3,
        "change_message": ""
    }
},
{
    "model": "admin.logentry",
    "pk": 94,
    "fields": {
        "action_time": "2025-10-02T04:09:32.003Z",
        "user": [
            "driane@gmail.com"
        ],
        "content_type": [
            "portal",
            "servicerequest"
        ],
        "object_id": "10",
        "object_repr": "Request → Tatiezeu [rejected]",
        "action_flag": 3,
        "change_message": ""
    }
},
{
    "model": "admin.logentry",
    "pk": 95,
    "fields": {
        "action_time": "2025-10-02T04:09:32.003Z",
        "user": [
            "driane@gmail.com"
        ],
        "content_type": [
            "portal",
            "servicerequest"
        ],
        "object_id": "9",
        "object_repr": "Request → Tatiezeu [pending]",
        "action_flag": 3,
        "change_message": ""
    }
},
{
    "model": "admin.logentry",
    "pk": 96,
    "fields": {
        "action_time": "2025-10-02T04:09:32.003Z",
        "user": [
            "driane@gmail.com"
        ],
        "content_type": [
            "portal",
            "servicerequest"
        ],
        "object_id": "8",
        "object_repr": "Request → Mike Builder [pending]",
        "action_flag": 3,
        "change_message": ""
    }
},
{
    "model": "admin.logentry",
    "pk": 97,
    "fields": {
        "action_time": "2025-10-02T04:09:32.003Z",
        "user": [
            "driane@gmail.com"
        ],
        "content_type": [
            "portal",
            "servicerequest"
        ],
        "object_id": "7",
        "object_repr": "Request → Victor Saw [accepted]",
        "action_flag": 3,
        "change_message": ""
    }
},
{
    "model": "admin.logentry",
    "pk": 98,
    "fields": {
        "action_time": "2025-10-02T04:09:32.003Z",
        "user": [
            "driane@gmail.com"
        ],
        "content_type": [
            "portal",
            "servicerequest"
        ],
        "object_id": "6",
        "object_repr": "Request → Paul Pipe [pending]",
        "action_flag": 3,
        "change_message": ""
    }
},
{
    "model": "admin.logentry",
    "pk": 99,
    "fields": {
        "action_time": "2025-10-02T04:09:32.003Z",
        "user": [
            "driane@gmail.com"
        ],
        "content_type": [
            "portal",
            "servicerequest"
        ],
        "object_id": "5",
        "object_repr": "Request → Henry Drain [pending]",
        "action_flag": 3,
        "change_message": ""
    }
},
{
    "model": "admin.logentry",
    "pk": 100,
    "fields": {
        "action_time": "2025-10-02T04:09:32.003Z",
        "user": [
            "driane@gmail.com"
        ],
        "content_type": [
            "portal",
            "servicerequest"
        ],
        "object_id": "4",
        "object_repr": "Request → Jacob Nail [accepted]",
        "action_flag": 3,
        "change_message": ""
    }
},
{
    "model": "admin.logentry",
    "pk": 101,
    "fields": {
        "action_time": "2025-10-02T04:09:32.003Z",
        "user": [
            "driane@gmail.com"
        ],
        "content_type": [
            "portal",
            "servicerequest"
        ],
        "object_id": "3",
        "object_repr": "Request → Victor Saw [rejected]",
        "action_flag": 3,
        "change_message": ""
    }
},
{
    "model": "admin.logentry",
    "pk": 102,
    "fields": {
        "action_time": "2025-10-02T04:09:32.003Z",
        "user": [
            "driane@gmail.com"
        ],
        "content_type": [
            "portal",
            "servicerequest"
        ],
        "object_id": "2",
        "object_repr": "Request → Jacob Nail [rejected]",
        "action_flag": 3,
        "change_message": ""
    }
},
{
    "model": "admin.logentry",
    "pk": 103,
    "fields": {
        "action_time": "2025-10-02T04:10:30.950Z",
        "user": [
            "driane@gmail.com"
        ],
        "content_type": [
            "authentication",
            "user"
        ],
        "object_id": "33",
        "object_repr": "asena@gmail.com",
        "action_flag": 2,
        "change_message": "[{\"changed\": {\"fields\": [\"password\"]}}]"
    }
},
{
    "model": "admin.logentry",
    "pk": 104,
    "fields": {
        "action_time": "2025-10-02T04:10:34.555Z",
        "user": [
            "driane@gmail.com"
        ],
        "content_type": [
            "authentication",
            "user"
        ],
        "object_id": "33",
        "object_repr": "asena@gmail.com",
        "action_flag": 2,
        "change_message": "[]"
    }
}
]
